{"cameraMode":{"drawMode":0,"name":"Shaded","section":"Shading Mode"},"sceneLighting":false,"audioPlay":false,"sceneViewState":{"showFog":true,"showMaterialUpdate":false,"showSkybox":true,"showFlares":true,"showImageEffects":true,"showParticleSystems":true},"in2DMode":false,"pivot":{"x":31.463624954223634,"y":-104.60626983642578,"z":23.930988311767579},"rotation":{"x":0.49913376569747927,"y":0.44428664445877077,"z":-0.3334212005138397,"w":0.6650604009628296},"size":162.2660675048828,"orthographic":false}