{"cameraMode":{"drawMode":0,"name":"Shaded","section":"Shading Mode"},"sceneLighting":false,"audioPlay":false,"sceneViewState":{"showFog":true,"showMaterialUpdate":false,"showSkybox":true,"showFlares":true,"showImageEffects":true,"showParticleSystems":true},"in2DMode":false,"pivot":{"x":1.7298187017440797,"y":-4.305812835693359,"z":-2.375062942504883},"rotation":{"x":0.2876087725162506,"y":0.5800203680992127,"z":-0.22952072322368623,"w":0.7267584204673767},"size":51.453792572021487,"orthographic":false}